uta_201804091250_0.18.jpg,0.18
uta_201804091300_0.18.jpg,0.18
uta_201804091320_0.18.jpg,0.18
uta_201804091530_0.18.jpg,0.18
uta_201804091550_0.18.jpg,0.18
uta_201804091610_0.18.jpg,0.18
uta_201804091830_0.18.jpg,0.18
uta_201804091840_0.18.jpg,0.18
uta_201804091850_0.18.jpg,0.18
uta_201804091910_0.18.jpg,0.18
uta_201804091920_0.18.jpg,0.18
uta_201804091930_0.18.jpg,0.18
uta_201804091940_0.18.jpg,0.18
uta_201804091950_0.18.jpg,0.18
uta_201804092000_0.18.jpg,0.18
uta_201804092010_0.18.jpg,0.18
uta_201804092020_0.18.jpg,0.18
uta_201804092030_0.18.jpg,0.18
uta_201804092040_0.18.jpg,0.18
uta_201804092050_0.18.jpg,0.18
uta_201804092100_0.18.jpg,0.18
uta_201804092110_0.18.jpg,0.18
uta_201804092120_0.18.jpg,0.18
uta_201804092130_0.18.jpg,0.18
uta_201804092140_0.18.jpg,0.18
uta_201804092150_0.17.jpg,0.17
uta_201804092200_0.18.jpg,0.18
uta_201804092210_0.18.jpg,0.18
uta_201804092220_0.19.jpg,0.19
uta_201804092230_0.18.jpg,0.18
uta_201804092240_0.18.jpg,0.18
uta_201804092250_0.18.jpg,0.18
uta_201804092300_0.18.jpg,0.18
uta_201804092310_0.18.jpg,0.18
uta_201804092320_0.18.jpg,0.18
uta_201804092330_0.18.jpg,0.18
uta_201804092340_0.18.jpg,0.18
uta_201804092350_0.18.jpg,0.18
uta_201804100000_0.18.jpg,0.18
uta_201804100010_0.18.jpg,0.18
uta_201804100020_0.18.jpg,0.18
uta_201804100030_0.18.jpg,0.18
uta_201804100040_0.18.jpg,0.18
uta_201804100050_0.18.jpg,0.18
uta_201804100100_0.18.jpg,0.18
uta_201804100110_0.18.jpg,0.18
uta_201804100120_0.18.jpg,0.18
uta_201804100130_0.18.jpg,0.18
uta_201804100140_0.18.jpg,0.18
uta_201804100150_0.18.jpg,0.18
uta_201804100200_0.18.jpg,0.18
uta_201804100210_0.18.jpg,0.18
uta_201804100220_0.18.jpg,0.18
uta_201804100230_0.18.jpg,0.18
uta_201804100240_0.18.jpg,0.18
uta_201804100250_0.18.jpg,0.18
uta_201804100300_0.18.jpg,0.18
uta_201804100310_0.18.jpg,0.18
uta_201804100320_0.18.jpg,0.18
uta_201804100330_0.18.jpg,0.18
uta_201804100340_0.18.jpg,0.18
uta_201804100350_0.17.jpg,0.17
uta_201804100400_0.18.jpg,0.18
uta_201804100410_0.17.jpg,0.17
uta_201804100420_0.18.jpg,0.18
uta_201804100430_0.19.jpg,0.19
uta_201804100440_0.18.jpg,0.18
uta_201804100450_0.18.jpg,0.18
uta_201804100500_0.17.jpg,0.17
uta_201804100510_0.18.jpg,0.18
uta_201804100520_0.19.jpg,0.19
uta_201804100530_0.18.jpg,0.18
uta_201804100540_0.18.jpg,0.18
uta_201804100550_0.19.jpg,0.19
uta_201804100600_0.18.jpg,0.18
uta_201804100610_0.19.jpg,0.19
uta_201804100620_0.18.jpg,0.18
uta_201804100630_0.18.jpg,0.18
uta_201804100640_0.18.jpg,0.18
uta_201804100650_0.18.jpg,0.18
uta_201804100700_0.18.jpg,0.18
uta_201804100710_0.18.jpg,0.18
uta_201804100720_0.18.jpg,0.18
uta_201804100730_0.18.jpg,0.18
uta_201804100740_0.17.jpg,0.17
uta_201804100750_0.18.jpg,0.18
uta_201804100800_0.18.jpg,0.18
uta_201804100810_0.18.jpg,0.18
uta_201804100820_0.18.jpg,0.18
uta_201804100830_0.18.jpg,0.18
uta_201804100840_0.18.jpg,0.18
uta_201804100850_0.17.jpg,0.17
uta_201804100900_0.17.jpg,0.17
uta_201804100910_0.17.jpg,0.17
uta_201804100920_0.17.jpg,0.17
uta_201804101020_0.17.jpg,0.17
uta_201804101050_0.17.jpg,0.17
uta_201804101120_0.17.jpg,0.17
uta_201804101200_0.17.jpg,0.17
uta_201804101210_0.16.jpg,0.16
uta_201804101220_0.17.jpg,0.17
uta_201804101230_0.17.jpg,0.17
uta_201804101240_0.17.jpg,0.17
uta_201804101250_0.16.jpg,0.16
uta_201804101300_0.16.jpg,0.16
uta_201804101310_0.17.jpg,0.17
uta_201804101320_0.17.jpg,0.17
uta_201804101330_0.17.jpg,0.17
uta_201804101400_0.16.jpg,0.16
uta_201804101410_0.17.jpg,0.17
uta_201804101420_0.16.jpg,0.16
uta_201804101430_0.17.jpg,0.17
uta_201804101440_0.17.jpg,0.17
uta_201804101450_0.17.jpg,0.17
uta_201804101510_0.17.jpg,0.17
uta_201804101520_0.17.jpg,0.17
uta_201804101530_0.17.jpg,0.17
uta_201804101540_0.17.jpg,0.17
uta_201804101600_0.17.jpg,0.17
uta_201804101610_0.17.jpg,0.17
uta_201804101630_0.17.jpg,0.17
uta_201804101640_0.17.jpg,0.17
uta_201804101650_0.17.jpg,0.17
uta_201804101700_0.17.jpg,0.17
uta_201804101710_0.17.jpg,0.17
uta_201804101720_0.17.jpg,0.17
uta_201804101750_0.18.jpg,0.18
uta_201804101800_0.18.jpg,0.18
uta_201804101810_0.18.jpg,0.18
uta_201804101820_0.18.jpg,0.18
uta_201804101830_0.18.jpg,0.18
uta_201804101930_0.17.jpg,0.17
uta_201804102030_0.18.jpg,0.18
uta_201804102110_0.17.jpg,0.17
uta_201804102120_0.17.jpg,0.17
uta_201804102130_0.18.jpg,0.18
uta_201804102140_0.18.jpg,0.18
uta_201804102150_0.18.jpg,0.18
uta_201804102200_0.18.jpg,0.18
uta_201804102210_0.18.jpg,0.18
uta_201804102220_0.18.jpg,0.18
uta_201804102230_0.18.jpg,0.18
uta_201804102240_0.18.jpg,0.18
uta_201804102250_0.18.jpg,0.18
uta_201804102300_0.18.jpg,0.18
uta_201804102310_0.18.jpg,0.18
uta_201804102320_0.18.jpg,0.18
uta_201804102330_0.18.jpg,0.18
uta_201804102340_0.18.jpg,0.18
uta_201804102350_0.18.jpg,0.18
uta_201804110000_0.18.jpg,0.18
uta_201804110010_0.18.jpg,0.18
